hh.id,herd.population,season,location ,type,herd.management,herd.water.dist,herd.move.type,village.lat,village.long,hh_seroprevalence
CN BL 01,39,wet,grassland.BL,grazing,herded,0,No,13.664482,-15.400396,75
CN BL 01,39,dry,swamp.BL,grazing,freerange,1,No,13.664482,-15.400396,75
CN BL 01,39,wet,pond.BL,water.source,herded,1,No,13.664482,-15.400396,75
CN BL 01,39,dry,swamp.BL,water.source,freerange,1,No,13.664482,-15.400396,75
CN BL 02,46,wet,grassland.BL,grazing,herded,0,No,13.664482,-15.400396,62.5
CN BL 02,46,dry,swamp.BL,grazing,herded,1,No,13.664482,-15.400396,62.5
CN BL 02,46,wet,pond.BL,water.source,herded,1,No,13.664482,-15.400396,62.5
CN BL 02,46,dry,swamp.BL,water.source,herded,1,No,13.664482,-15.400396,62.5
CN FY 01,87,wet,grassland.FY,grazing,herded,0,shortdist,13.5021849,-14.5374824,25
CN FY 01,87,dry,swamp.SuK,grazing,herded,2,shortdist,13.6171801,-14.9239875,25
CN FY 01,87,wet,pond.FY,water.source,herded,2,shortdist,13.5021849,-14.5374824,25
CN FY 01,87,dry,swamp.SuK,water.source,herded,2,shortdist,13.6171801,-14.9239875,25
CN FY 02,33,wet,grassland.FY,grazing,herded,0,No,13.5021849,-14.5374824,11.1
CN FY 02,33,dry,swamp.FY,grazing,herded,2,No,13.5021849,-14.5374824,11.1
CN FY 02,33,wet,pond.FY,water.source,herded,2,No,13.5021849,-14.5374824,11.1
CN FY 02,33,dry,swamp.FY,water.source,herded,2,No,13.5021849,-14.5374824,11.1
CN FY 03,26,wet,grassland.FY,grazing,herded,0,No,13.5021849,-14.5374824,25
CN FY 03,26,dry,swamp.FY,grazing,herded,2,No,13.5021849,-14.5374824,25
CN FY 03,26,wet,pond.FY,water.source,herded,2,No,13.5021849,-14.5374824,25
CN FY 03,26,dry,swamp.FY,water.source,herded,2,No,13.5021849,-14.5374824,25
CN JB 01,14,wet,grassland.JB,grazing,herded,0,shortdist,13.6118394,-14.8022918,0
CN JB 01,14,dry,swamp.PN,grazing,herded,1,shortdist,13.66987172,-14.86900679,0
CN JB 01,14,wet,pond.JB,water.source,herded,1,shortdist,13.6118394,-14.8022918,0
CN JB 01,14,dry,swamp.PN,water.source,herded,1,shortdist,13.66987172,-14.86900679,0
CN JB 02,17,wet,grassland.JB,grazing,herded,0,No,13.6118394,-14.8022918,37.5
CN JB 02,17,dry,swamp.JB,grazing,freerange,3,No,13.6118394,-14.8022918,37.5
CN JB 02,17,wet,pond.JB,water.source,herded,1,No,13.6118394,-14.8022918,37.5
CN JB 02,17,dry,swamp.JB,water.source,freerange,3,No,13.6118394,-14.8022918,37.5
CN JB 03,13,wet,grassland.JB,grazing,herded,0,No,13.6118394,-14.8022918,37.5
CN JB 03,13,dry,swamp.JB,grazing,herded,3,No,13.6118394,-14.8022918,37.5
CN JB 03,13,wet,pond.JB,water.source,herded,1,No,13.6118394,-14.8022918,37.5
CN JB 03,13,dry,swamp.JB,water.source,herded,1,No,13.6118394,-14.8022918,37.5
CN JK 02,46,wet,grassland.JKC,grazing,herded,0,shortdist,13.76307,-15.3376122,25
CN JK 02,46,dry,swamp.BtK,grazing,freerange,1,shortdist,13.696835,-15.207402,25
CN JK 02,46,wet,pond.JKC,water.source,herded,1,shortdist,13.76307,-15.3376122,25
CN JK 02,46,dry,swamp.BtK,water.source,freerange,1,shortdist,13.696835,-15.207402,25
CN JK 03,84,wet,grassland.JKC,grazing,herded,0,shortdist,13.76307,-15.3376122,37.5
CN JK 03,84,dry,swamp.BtK,grazing,herded,1,shortdist,13.696835,-15.207402,37.5
CN JK 03,84,wet,pond.JKC,water.source,herded,1,shortdist,13.76307,-15.3376122,37.5
CN JK 03,84,dry,swamp.BtK,water.source,herded,1,shortdist,13.696835,-15.207402,37.5
CN JK 06,43,wet,grassland.JKC,grazing,herded,0,shortdist,13.76307,-15.3376122,12.5
CN JK 06,43,dry,swamp.BtK,grazing,herded,1,shortdist,13.696835,-15.207402,12.5
CN JK 06,43,wet,pond.JKC,water.source,herded,1,shortdist,13.76307,-15.3376122,12.5
CN JK 06,43,dry,swamp.BtK,water.source,herded,1,shortdist,13.696835,-15.207402,12.5
CN JM 01,65,wet,grassland.JM,grazing,herded,0,shortdist,13.693971,-15.355319,71.4
CN JM 01,65,dry,swamp.JM,grazing,herded,1,No,13.693971,-15.355319,71.4
CN JM 01,65,wet,pond.JM,water.source,herded,1,No,13.693971,-15.355319,71.4
CN JM 01,65,dry,swamp.JM,water.source,herded,1,No,13.693971,-15.355319,71.4
CN JM 02,35,wet,grassland.JM,grazing,herded,0,No,13.693971,-15.355319,28.6
CN JM 02,35,dry,swamp.SN,grazing,herded,1,No,13.693971,-15.355319,28.6
CN JM 02,35,wet,pond.JM,water.source,herded,1,No,13.693971,-15.355319,28.6
CN JM 02,35,dry,swamp.SN,water.source,herded,1,No,13.693971,-15.355319,28.6
CN JM 03,87,wet,grassland.JM,grazing,herded,0,No,13.693971,-15.355319,50
CN JM 03,87,dry,swamp.JM,grazing,herded,1,No,13.693971,-15.355319,50
CN JM 03,87,wet,pond.JM,water.source,herded,1,No,13.693971,-15.355319,50
CN JM 03,87,dry,swamp.JM,water.source,herded,1,No,13.693971,-15.355319,50
CN KI 01,52,wet,grassland.KI,grazing,herded,0,No,13.6069071,-14.7103105,12.5
CN KI 01,52,dry,grassland.KI,grazing,herded,0,No,13.6069071,-14.7103105,12.5
CN KI 01,52,wet,pond.KI,water.source,herded,2,No,13.6069071,-14.7103105,12.5
CN KI 01,52,dry,well.KI,water.source,herded,0,No,13.6069071,-14.7103105,12.5
CN KI 02,41,wet,grassland.FF,grazing,herded,0,shortdist,13.58334667,-14.70003093,12.5
CN KI 02,41,dry,grassland.KI,grazing,freerange,0,shortdist,13.6069071,-14.7103105,12.5
CN KI 02,41,wet,well.FF,water.source,herded,0,shortdist,13.58334667,-14.70003093,12.5
CN KI 02,41,dry,well.KI,water.source,freerange,0,shortdist,13.6069071,-14.7103105,12.5
CN KI 03,34,wet,grassland.KI,grazing,herded,0,No,13.6069071,-14.7103105,25
CN KI 03,34,dry,grassland.KI,grazing,herded,0,No,13.6069071,-14.7103105,25
CN KI 03,34,wet,pond.KI,water.source,herded,2,No,13.6069071,-14.7103105,25
CN KI 03,34,dry,well.KI,water.source,herded,0,No,13.6069071,-14.7103105,25
CN KY 02,21,wet,swamp.KY,grazing,herded,1,No,13.5855587,-14.8731775,25
CN KY 02,21,dry,swamp.KY,grazing,herded,1,No,13.5855587,-14.8731775,25
CN KY 02,21,wet,swamp.KY,water.source,herded,1,No,13.5855587,-14.8731775,25
CN KY 02,21,dry,swamp.KY,water.source,herded,1,No,13.5855587,-14.8731775,25
CN KY 03,64,wet,swamp.KY,grazing,herded,1,No,13.5855587,-14.8731775,62.5
CN KY 03,64,dry,swamp.KY,grazing,herded,1,No,13.5855587,-14.8731775,62.5
CN KY 03,64,wet,swamp.KY,water.source,herded,1,No,13.5855587,-14.8731775,62.5
CN KY 03,64,dry,swamp.KY,water.source,herded,1,No,13.5855587,-14.8731775,62.5
CN SiD 01,32,wet,grassland.SiD,grazing,herded,0,No,13.5767038,-14.5688349,25
CN SiD 01,32,dry,swamp.SiD,grazing,freerange,1,No,13.5767038,-14.5688349,25
CN SiD 01,32,wet,pond.SiD,water.source,herded,1,No,13.5767038,-14.5688349,25
CN SiD 01,32,dry,swamp.SiD,water.source,freerange,1,No,13.5767038,-14.5688349,25
CN SiD 02,17,wet,grassland.SiD,grazing,herded,0,No,13.5767038,-14.5688349,50
CN SiD 02,17,dry,swamp.SiD,grazing,freerange,1,No,13.5767038,-14.5688349,50
CN SiD 02,17,wet,pond.SiD,water.source,herded,1,No,13.5767038,-14.5688349,50
CN SiD 02,17,dry,swamp.SiD,water.source,freerange,1,No,13.5767038,-14.5688349,50
CN SiD 03,23,wet,grassland.SiD,grazing,herded,0,No,13.5767038,-14.5688349,50
CN SiD 03,23,dry,swamp.SiD,grazing,freerange,1,No,13.5767038,-14.5688349,50
CN SiD 03,23,wet,pond.SiD,water.source,herded,1,No,13.5767038,-14.5688349,50
CN SiD 03,23,dry,swamp.SiD,water.source,freerange,1,No,13.5767038,-14.5688349,50
CN ST 01,33,wet,swamp.SuK,grazing,herded,2,No,13.6171801,-14.9239875,25
CN ST 01,33,dry,swamp.SuK,grazing,herded,2,No,13.6171801,-14.9239875,25
CN ST 01,33,wet,swamp.SuK,water.source,herded,2,No,13.6171801,-14.9239875,25
CN ST 01,33,dry,swamp.SuK,water.source,herded,2,No,13.6171801,-14.9239875,25
CN ST 02,77,wet,swamp.SuK,grazing,herded,2,No,13.6171801,-14.9239875,33
CN ST 02,77,dry,swamp.SuK,grazing,herded,2,No,13.6171801,-14.9239875,33
CN ST 02,77,wet,swamp.SuK,water.source,herded,2,No,13.6171801,-14.9239875,33
CN ST 02,77,dry,swamp.SuK,water.source,herded,2,No,13.6171801,-14.9239875,33
CN ST 03,4,wet,swamp.SuK,grazing,herded,2,No,13.6171801,-14.9239875,0
CN ST 03,4,dry,swamp.SuK,grazing,herded,2,No,13.6171801,-14.9239875,0
CN ST 03,4,wet,swamp.SuK,water.source,herded,2,No,13.6171801,-14.9239875,0
CN ST 03,4,dry,swamp.SuK,water.source,herded,2,No,13.6171801,-14.9239875,0
CS BK 01,17,wet,grassland.BaK,grazing,herded,0,No,13.550621,-15.336248,12.5
CS BK 01,17,dry,swamp.NC,grazing,freerange,1,No,13.67113,-15.325731,12.5
CS BK 01,17,wet,pond.BaK,water.source,herded,1,No,13.550621,-15.336248,12.5
CS BK 01,17,dry,swamp.NC,water.source,freerange,1,No,13.67113,-15.325731,12.5
CS BK 02 & 04,36,wet,grassland.BaK,grazing,herded,0,shortdist,13.550621,-15.336248,62.5
CS BK 02 & 04,36,dry,swamp.NC,grazing,herded,1,shortdist,13.67113,-15.325731,62.5
CS BK 02 & 04,36,wet,pond.BaK,water.source,herded,1,shortdist,13.550621,-15.336248,62.5
CS BK 02 & 04,36,dry,swamp.NC,water.source,herded,1,shortdist,13.67113,-15.325731,62.5
CS BK 03,13,wet,grassland.BaK,grazing,herded,0,shortdist,13.550621,-15.336248,50
CS BK 03,13,dry,swamp.NC,grazing,freerange,1,shortdist,13.67113,-15.325731,50
CS BK 03,13,wet,pond.BaK,water.source,herded,1,shortdist,13.550621,-15.336248,50
CS BK 03,13,dry,swamp.NC,water.source,freerange,1,shortdist,13.67113,-15.325731,50
CS FS 01,41,wet,grassland.FS,grazing,herded,0,No,13.46825087,-14.91675477,25
CS FS 01,41,dry,grassland.FS,grazing,freerange,0,No,13.46825087,-14.91675477,25
CS FS 01,41,wet,pond.FS,water.source,herded,4,No,13.46825087,-14.91675477,25
CS FS 01,41,dry,well.FS,water.source,freerange,0,No,13.46825087,-14.91675477,25
CS FS 02 (4),36,wet,grassland.FS,grazing,herded,0,No,13.46825087,-14.91675477,0
CS FS 02 (4),36,dry,grassland.FS,grazing,freerange,0,No,13.46825087,-14.91675477,0
CS FS 02 (4),36,wet,pond.FS,water.source,herded,4,No,13.46825087,-14.91675477,0
CS FS 02 (4),36,dry,well.FS,water.source,freerange,0,No,13.46825087,-14.91675477,0
CS FS 03 (10),65,wet,grassland.FS,grazing,herded,0,No,13.46825087,-14.91675477,0
CS FS 03 (10),65,dry,grassland.FS,grazing,freerange,0,No,13.46825087,-14.91675477,0
CS FS 03 (10),65,wet,pond.FS,water.source,herded,4,No,13.46825087,-14.91675477,0
CS FS 03 (10),65,dry,well.FS,water.source,freerange,0,No,13.46825087,-14.91675477,0
CS GD 01,42,wet,grassland.GD,grazing,herded,0,shortdist,13.6392302,-15.2990386,50
CS GD 01,42,dry,swamp.NC,grazing,freerange,0,shortdist,13.67113,-15.325731,50
CS GD 01,42,wet,pond.GD,water.source,herded,1,shortdist,13.6392302,-15.2990386,50
CS GD 01,42,dry,swamp.NC,water.source,freerange,0,shortdist,13.67113,-15.325731,50
CS GD 02,28,wet,grassland.GD,grazing,herded,0,shortdist,13.6392302,-15.2990386,62.5
CS GD 02,28,dry,swamp.NC,grazing,herded,0,shortdist,13.67113,-15.325731,62.5
CS GD 02,28,wet,pond.GD,water.source,herded,1,shortdist,13.6392302,-15.2990386,62.5
CS GD 02,28,dry,swamp.NC,water.source,herded,0,shortdist,13.67113,-15.325731,62.5
CS GD 03,43,wet,grassland.GD,grazing,herded,0,shortdist,13.6392302,-15.2990386,62.5
CS GD 03,43,dry,swamp.NC,grazing,herded,0,shortdist,13.67113,-15.325731,62.5
CS GD 03,43,wet,pond.GD,water.source,herded,1,shortdist,13.6392302,-15.2990386,62.5
CS GD 03,43,dry,swamp.NC,water.source,herded,0,shortdist,13.67113,-15.325731,62.5
CS GD 04,57,wet,grassland.GD,grazing,herded,0,shortdist,13.6392302,-15.2990386,50
CS GD 04,57,dry,swamp.NC,grazing,herded,0,shortdist,13.67113,-15.325731,50
CS GD 04,57,wet,pond.GD,water.source,herded,1,shortdist,13.6392302,-15.2990386,50
CS GD 04,57,dry,swamp.NC,water.source,herded,0,shortdist,13.67113,-15.325731,50
CS GD 05,74,wet,grassland.KKT,grazing,herded,0,shortdist,13.5908483,-15.1848173,50
CS GD 05,74,dry,swamp.NC,grazing,herded,0,shortdist,13.67113,-15.325731,50
CS GD 05,74,wet,pond.KKT,water.source,herded,1,shortdist,13.5908483,-15.1848173,50
CS GD 05,74,dry,swamp.NC,water.source,herded,0,shortdist,13.67113,-15.325731,50
CS GD 06,36,wet,grassland.KKT,grazing,herded,0,shortdist,13.5908483,-15.1848173,0
CS GD 06,36,dry,swamp.NC,grazing,herded,0,shortdist,13.67113,-15.325731,0
CS GD 06,36,wet,pond.KKT,water.source,herded,1,shortdist,13.5908483,-15.1848173,0
CS GD 06,36,dry,swamp.NC,water.source,herded,0,shortdist,13.67113,-15.325731,0
CS JK 01,53,wet,grassland.JK,grazing,herded,0,No,13.4033582,-14.7453427,12.5
CS JK 01,53,dry,grassland.JK,grazing,herded,0,No,13.4033582,-14.7453427,12.5
CS JK 01,53,wet,pond.JK,water.source,herded,2,No,13.4033582,-14.7453427,12.5
CS JK 01,53,dry,well.JK,water.source,herded,0,No,13.4033582,-14.7453427,12.5
CS JK 02,45,wet,grassland.JK,grazing,herded,0,No,13.4033582,-14.7453427,0
CS JK 02,45,dry,grassland.JK,grazing,herded,0,No,13.4033582,-14.7453427,0
CS JK 02,45,wet,pond.JK,water.source,herded,2,No,13.4033582,-14.7453427,0
CS JK 02,45,dry,well.JK,water.source,herded,0,No,13.4033582,-14.7453427,0
CS JK 03,29,wet,grassland.JK,grazing,herded,0,No,13.4033582,-14.7453427,0
CS JK 03,29,dry,grassland.JK,grazing,herded,0,No,13.4033582,-14.7453427,0
CS JK 03,29,wet,pond.JK,water.source,herded,2,No,13.4033582,-14.7453427,0
CS JK 03,29,dry,well.JK,water.source,herded,0,No,13.4033582,-14.7453427,0
CS JK 04,40,wet,grassland.JK,grazing,herded,0,No,13.4033582,-14.7453427,0
CS JK 04,40,dry,grassland.JK,grazing,freerange,0,No,13.4033582,-14.7453427,0
CS JK 04,40,wet,pond.JK,water.source,herded,2,No,13.4033582,-14.7453427,0
CS JK 04,40,dry,well.JK,water.source,freerange,0,No,13.4033582,-14.7453427,0
CS KL 01,25,wet,grassland.KL,grazing,herded,0,No,13.6066512,-15.2825806,62.5
CS KL 01,25,dry,grassland.KL,grazing,herded,0,No,13.6066512,-15.2825806,62.5
CS KL 01,25,wet,pond.KL,water.source,herded,1,No,13.6066512,-15.2825806,62.5
CS KL 01,25,dry,well.KL,water.source,herded,0,No,13.6066512,-15.2825806,62.5
CS KL 02,39,wet,grassland.KL,grazing,herded,0,No,13.6066512,-15.2825806,50
CS KL 02,39,dry,swamp.KL,grazing,freerange,2,No,13.6066512,-15.2825806,50
CS KL 02,39,wet,pond.KL,water.source,herded,1,No,13.6066512,-15.2825806,50
CS KL 02,39,dry,swamp.KL,water.source,freerange,2,No,13.6066512,-15.2825806,50
CS KL 03,32,wet,grassland.KL,grazing,herded,0,No,13.6066512,-15.2825806,25
CS KL 03,32,dry,swamp.KL,grazing,herded,2,No,13.6066512,-15.2825806,25
CS KL 03,32,wet,pond.KL,water.source,herded,1,No,13.6066512,-15.2825806,25
CS KL 03,32,dry,swamp.KL,water.source,herded,2,No,13.6066512,-15.2825806,25
CS SA 02,28,wet,grassland.SA,grazing,herded,0,shortdist,13.5009044,-14.9985346,25
CS SA 02,28,dry,grassland.NJ,grazing,herded,0,shortdist,13.49444076,-14.94833555,25
CS SA 02,28,wet,pond.SA,water.source,herded,2,shortdist,13.5009044,-14.9985346,25
CS SA 02,28,dry,well.NJ,water.source,herded,0,shortdist,13.49444076,-14.94833555,25
CS SA 03,13,wet,grassland.SA,grazing,herded,0,No,13.5009044,-14.9985346,25
CS SA 03,13,dry,grassland.SA,grazing,freerange,0,No,13.5009044,-14.9985346,25
CS SA 03,13,wet,pond.SA,water.source,herded,2,No,13.5009044,-14.9985346,25
CS SA 03,13,dry,well.SA,water.source,freerange,0,No,13.5009044,-14.9985346,25
CS SA 05&01,21,wet,grassland.SA,grazing,herded,0,No,13.5009044,-14.9985346,62.5
CS SA 05&01,21,dry,grassland.SA,grazing,freerange,0,No,13.5009044,-14.9985346,62.5
CS SA 05&01,21,wet,pond.SA,water.source,herded,2,No,13.5009044,-14.9985346,62.5
CS SA 05&01,21,dry,well.SA,water.source,freerange,0,No,13.5009044,-14.9985346,62.5
CS SB 04,52,wet,grassland.SB,grazing,herded,0,shortdist,13.49444076,-14.94833555,25
CS SB 04,52,dry,swamp.WE,grazing,herded,2,shortdist,13.49444076,-14.94833555,25
CS SB 04,52,wet,pond.SB,water.source,herded,2,shortdist,13.49444076,-14.94833555,25
CS SB 04,52,dry,swamp.WE,water.source,herded,2,shortdist,13.49444076,-14.94833555,25
CS SB 07,16,wet,grassland.SB,grazing,herded,0,No,13.49444076,-14.94833555,0
CS SB 07,16,dry,grassland.SB,grazing,herded,0,No,13.49444076,-14.94833555,0
CS SB 07,16,wet,pond.SB,water.source,herded,2,No,13.49444076,-14.94833555,0
CS SB 07,16,dry,well.SB,water.source,herded,0,No,13.49444076,-14.94833555,0
CS SB X,12,wet,grassland.SB,grazing,herded,0,No,13.49444076,-14.94833555,37.5
CS SB X,12,dry,grassland.SB,grazing,freerange,0,No,13.49444076,-14.94833555,37.5
CS SB X,12,wet,pond.SB,water.source,herded,2,No,13.49444076,-14.94833555,37.5
CS SB X,12,dry,well.SB,water.source,freerange,0,No,13.49444076,-14.94833555,37.5
CS SJ 01,32,wet,grassland.SJ,grazing,herded,0,No,13.3850607,-14.7015326,25
CS SJ 01,32,dry,grassland.SJ,grazing,freerange,0,No,13.3850607,-14.7015326,25
CS SJ 01,32,wet,pond.SJ,water.source,herded,1,No,13.3850607,-14.7015326,25
CS SJ 01,32,dry,well.SJ,water.source,freerange,0,No,13.3850607,-14.7015326,25
CS SJ 02,12,wet,grassland.SJ,grazing,herded,0,No,13.3850607,-14.7015326,12.5
CS SJ 02,12,dry,grassland.SJ,grazing,herded,0,No,13.3850607,-14.7015326,12.5
CS SJ 02,12,wet,pond.SJ,water.source,herded,1,No,13.3850607,-14.7015326,12.5
CS SJ 02,12,dry,well.SJ,water.source,herded,0,No,13.3850607,-14.7015326,12.5
CS SJ 03,63,wet,grassland.SJ,grazing,herded,0,No,13.3850607,-14.7015326,0
CS SJ 03,63,dry,grassland.SJ,grazing,herded,0,No,13.3850607,-14.7015326,0
CS SJ 03,63,wet,pond.SJ,water.source,herded,1,No,13.3850607,-14.7015326,0
CS SJ 03,63,dry,well.SJ,water.source,herded,0,No,13.3850607,-14.7015326,0
LR BR 01,48,wet,grassland.BU,grazing,herded,0,No,13.32745,-16.1785745,66.7
LR BR 01,48,dry,swamp.BU,grazing,herded,1,No,13.32745,-16.1785745,66.7
LR BR 01,48,wet,pond.BU,water.source,herded,0,No,13.32745,-16.1785745,66.7
LR BR 01,48,dry,swamp.BU,water.source,herded,1,No,13.32745,-16.1785745,66.7
LR BR 02,19,wet,grassland.BU,grazing,herded,0,No,13.32745,-16.1785745,50
LR BR 02,19,dry,swamp.BU,grazing,freerange,1,No,13.32745,-16.1785745,50
LR BR 02,19,wet,pond.BU,water.source,herded,0,No,13.32745,-16.1785745,50
LR BR 02,19,dry,swamp.BU,water.source,freerange,1,No,13.32745,-16.1785745,50
LR BR 03,43,wet,grassland.BU,grazing,herded,0,No,13.32745,-16.1785745,66.7
LR BR 03,43,dry,swamp.BU,grazing,herded,1,No,13.32745,-16.1785745,66.7
LR BR 03,43,wet,pond.BU,water.source,herded,0,No,13.32745,-16.1785745,66.7
LR BR 03,43,dry,swamp.BU,water.source,herded,1,No,13.32745,-16.1785745,66.7
LR JaB 01,14,wet,grassland.JaB,grazing,herded,0,No,13.4668005,-15.4655204,37.5
LR JaB 01,14,dry,swamp.JaB,grazing,freerange,1,No,13.4668005,-15.4655204,37.5
LR JaB 01,14,wet,pond.JaB,water.source,herded,1,No,13.4668005,-15.4655204,37.5
LR JaB 01,14,dry,swamp.JaB,water.source,freerange,1,No,13.4668005,-15.4655204,37.5
LR JaB 02,9,wet,grassland.JaB,grazing,herded,0,No,13.4668005,-15.4655204,75
LR JaB 02,9,dry,swamp.JaB,grazing,freerange,1,No,13.4668005,-15.4655204,75
LR JaB 02,9,wet,pond.JaB,water.source,herded,1,No,13.4668005,-15.4655204,75
LR JaB 02,9,dry,swamp.JaB,water.source,freerange,1,No,13.4668005,-15.4655204,75
LR JaB 03,64,wet,grassland.JaB,grazing,herded,0,No,13.4668005,-15.4655204,37.5
LR JaB 03,64,dry,swamp.JaB,grazing,herded,1,No,13.4668005,-15.4655204,37.5
LR JaB 03,64,wet,pond.JaB,water.source,herded,1,No,13.4668005,-15.4655204,37.5
LR JaB 03,64,dry,swamp.JaB,water.source,herded,1,No,13.4668005,-15.4655204,37.5
LR KA 01,61,wet,grassland.KA,grazing,herded,0,No,13.4417174,-15.5157141,43.8
LR KA 01,61,dry,swamp.KA,grazing,freerange,3,No,13.4417174,-15.5157141,43.8
LR KA 01,61,wet,pond.KA,water.source,herded,1,No,13.4417174,-15.5157141,43.8
LR KA 01,61,dry,swamp.KA,water.source,freerange,3,No,13.4417174,-15.5157141,43.8
LR KA 02,16,wet,grassland.KA,grazing,herded,0,shortdist,13.4417174,-15.5157141,83.3
LR KA 02,16,dry,swamp.JaB,grazing,freerange,1,shortdist,13.4668005,-15.4655204,83.3
LR KA 02,16,wet,pond.KA,water.source,herded,1,shortdist,13.4417174,-15.5157141,83.3
LR KA 02,16,dry,swamp.JaB,water.source,freerange,1,shortdist,13.4668005,-15.4655204,83.3
LR KA 03,73,wet,grassland.KA,grazing,herded,0,No,13.4417174,-15.5157141,62.5
LR KA 03,73,dry,swamp.KA,grazing,herded,3,No,13.4417174,-15.5157141,62.5
LR KA 03,73,wet,pond.KA,water.source,herded,1,No,13.4417174,-15.5157141,62.5
LR KA 03,73,dry,swamp.KA,water.source,herded,3,No,13.4417174,-15.5157141,62.5
LR KT 01,23,wet,grassland.KT,grazing,herded,0,No,13.353569,-16.153439,62.5
LR KT 01,23,dry,swamp.KT,grazing,herded,3,No,13.353569,-16.153439,62.5
LR KT 01,23,wet,pond.KT,water.source,herded,1,No,13.353569,-16.153439,62.5
LR KT 01,23,dry,swamp.KT,water.source,herded,3,No,13.353569,-16.153439,62.5
LR KT 02,118,wet,grassland.KT,grazing,herded,1,No,13.353569,-16.153439,50
LR KT 02,118,dry,swamp.KT,grazing,herded,3,No,13.353569,-16.153439,50
LR KT 02,118,wet,pond.KT,water.source,herded,1,No,13.353569,-16.153439,50
LR KT 02,118,dry,swamp.KT,water.source,herded,3,No,13.353569,-16.153439,50
LR KT 03,61,wet,grassland.KT,grazing,herded,1,No,13.353569,-16.153439,62.5
LR KT 03,61,dry,swamp.KT,grazing,herded,3,No,13.353569,-16.153439,62.5
LR KT 03,61,wet,pond.KT,water.source,herded,1,No,13.353569,-16.153439,62.5
LR KT 03,61,dry,swamp.KT,water.source,herded,3,No,13.353569,-16.153439,62.5
LR MDU 01,187,wet,grassland.MDU,grazing,herded,0,No,13.3535944,-16.0691425,62.5
LR MDU 01,187,dry,swamp.MDU,grazing,freerange,4,No,13.3535944,-16.0691425,62.5
LR MDU 01,187,wet,pond.MDU,water.source,herded,1,No,13.3535944,-16.0691425,62.5
LR MDU 01,187,dry,swamp.MDU,water.source,freerange,4,No,13.3535944,-16.0691425,62.5
LR MDU 02,94,wet,grassland.MDU,grazing,herded,0,No,13.3535944,-16.0691425,62.5
LR MDU 02,94,dry,swamp.MDU,grazing,herded,4,No,13.3535944,-16.0691425,62.5
LR MDU 02,94,wet,pond.MDU,water.source,herded,1,No,13.3535944,-16.0691425,62.5
LR MDU 02,94,dry,swamp.MDU,water.source,herded,4,No,13.3535944,-16.0691425,62.5
LR MDU 03,72,wet,grassland.MDU,grazing,herded,0,No,13.3535944,-16.0691425,25
LR MDU 03,72,dry,swamp.MDU,grazing,herded,4,No,13.3535944,-16.0691425,25
LR MDU 03,72,wet,pond.MDU,water.source,herded,1,No,13.3535944,-16.0691425,25
LR MDU 03,72,dry,swamp.MDU,water.source,herded,1,No,13.3535944,-16.0691425,25
LR SaK 02,72,wet,grassland.SaK,grazing,herded,0,No,13.4296618,-15.4548922,58.3
LR SaK 02,72,dry,swamp.JP,grazing,herded,1,No,13.42651,-15.41948,58.3
LR SaK 02,72,wet,pond.SaK,water.source,herded,1,No,13.4296618,-15.4548922,58.3
LR SaK 02,72,dry,swamp.JP,water.source,herded,1,No,13.42651,-15.41948,58.3
LR SaK 03,52,wet,grassland.SaK,grazing,herded,0,No,13.4296618,-15.4548922,70
LR SaK 03,52,dry,swamp.SaK,grazing,herded,1,No,13.4296618,-15.4548922,70
LR SaK 03,52,wet,pond.SaK,water.source,herded,1,No,13.4296618,-15.4548922,70
LR SaK 03,52,dry,swamp.SaK,water.source,herded,1,No,13.4296618,-15.4548922,70
LR SaK 04&05S,127,wet,grassland.SaK,grazing,herded,0,No,13.4296618,-15.4548922,77.8
LR SaK 04&05S,127,dry,swamp.SaK,grazing,herded,1,No,13.4296618,-15.4548922,77.8
LR SaK 04&05S,127,wet,pond.SaK,water.source,herded,1,No,13.4296618,-15.4548922,77.8
LR SaK 04&05S,127,dry,swamp.SaK,water.source,herded,1,No,13.4296618,-15.4548922,77.8
LR SaT 02,36,wet,grassland.SaT,grazing,herded,0,No,13.3858399,-15.4480443,53.8
LR SaT 02,36,dry,grassland.SaT,grazing,herded,0,No,13.3858399,-15.4480443,53.8
LR SaT 02,36,wet,pond.SaT,water.source,herded,2,No,13.3858399,-15.4480443,53.8
LR SaT 02,36,dry,well.SaT,water.source,herded,2,No,13.3858399,-15.4480443,53.8
LR SaT 03,18,wet,grassland.SaT,grazing,herded,0,No,13.3858399,-15.4480443,33
LR SaT 03,18,dry,grassland.SaT,grazing,freerange,0,No,13.3858399,-15.4480443,33
LR SaT 03,18,wet,pond.SaT,water.source,herded,2,No,13.3858399,-15.4480443,33
LR SaT 03,18,dry,well.SaT,water.source,freerange,2,No,13.3858399,-15.4480443,33
LR SaT 04,142,wet,grassland.SaT,grazing,herded,0,shortdist,13.3858399,-15.4480443,62.5
LR SaT 04,142,dry,swamp.JP,grazing,herded,1,shortdist,13.42651,-15.41948,62.5
LR SaT 04,142,wet,pond.SaT,water.source,herded,1,shortdist,13.3858399,-15.4480443,62.5
LR SaT 04,142,dry,swamp.JP,water.source,herded,1,shortdist,13.42651,-15.41948,62.5
LR SH 02,16,wet,grassland.SH,grazing,herded,0,No,13.414677,-15.395972,46.2
LR SH 02,16,dry,grassland.SH,grazing,herded,0,No,13.414677,-15.395972,46.2
LR SH 02,16,wet,pond.SH,water.source,herded,1,No,13.414677,-15.395972,46.2
LR SH 02,16,dry,well.SH,water.source,herded,1,No,13.414677,-15.395972,46.2
LR SH 03,9,wet,grassland.SH,grazing,herded,0,No,13.414677,-15.395972,28.6
LR SH 03,9,dry,swamp.SH,grazing,freerange,2,No,13.414677,-15.395972,28.6
LR SH 03,9,wet,pond.SH,water.source,herded,3,No,13.414677,-15.395972,28.6
LR SH 03,9,dry,swamp.SH,water.source,freerange,2,No,13.414677,-15.395972,28.6
NB DS 01,36,wet,grassland.DS,grazing,herded,0,No,13.531848,-16.1347421,50
NB DS 01,36,dry,swamp.DS,grazing,herded,1,No,13.531848,-16.1347421,50
NB DS 01,36,wet,pond.DS,water.source,herded,1,No,13.531848,-16.1347421,50
NB DS 01,36,dry,swamp.DS,water.source,herded,1,No,13.531848,-16.1347421,50
NB DS 02,102,wet,grassland.DS,grazing,herded,0,No,13.531848,-16.1347421,75
NB DS 02,102,dry,swamp.DS,grazing,herded,1,No,13.531848,-16.1347421,75
NB DS 02,102,wet,pond.DS,water.source,herded,1,No,13.531848,-16.1347421,75
NB DS 02,102,dry,swamp.DS,water.source,herded,1,No,13.531848,-16.1347421,75
NB DS 03,35,wet,grassland.DS,grazing,herded,0,No,13.531848,-16.1347421,37.5
NB DS 03,35,dry,swamp.DS,grazing,freerange,1,No,13.531848,-16.1347421,37.5
NB DS 03,35,wet,pond.DS,water.source,herded,1,No,13.531848,-16.1347421,37.5
NB DS 03,35,dry,swamp.DS,water.source,freerange,1,No,13.531848,-16.1347421,37.5
NB MD 01,17,wet,grassland.MD,grazing,herded,0,No,13.56991414,-15.86620914,50
NB MD 01,17,dry,swamp.MD,grazing,freerange,1,No,13.56991414,-15.86620914,50
NB MD 01,17,wet,pond.MD,water.source,herded,1,No,13.56991414,-15.86620914,50
NB MD 01,17,dry,swamp.MD,water.source,freerange,1,No,13.56991414,-15.86620914,50
NB MD 02,75,wet,grassland.MD,grazing,herded,0,No,13.56991414,-15.86620914,90
NB MD 02,75,dry,swamp.MD,grazing,herded,1,No,13.56991414,-15.86620914,90
NB MD 02,75,wet,pond.MD,water.source,herded,1,No,13.56991414,-15.86620914,90
NB MD 02,75,dry,swamp.MD,water.source,herded,1,No,13.56991414,-15.86620914,90
NB MD 03,57,wet,grassland.MD,grazing,herded,0,shortdist,13.56991414,-15.86620914,62.5
NB MD 03,57,dry,swamp.MiK,grazing,herded,1,shortdist,13.56991414,-15.86620914,62.5
NB MD 03,57,wet,pond.MD,water.source,herded,1,shortdist,13.56991414,-15.86620914,62.5
NB MD 03,57,dry,swamp.MiK,water.source,herded,1,shortdist,13.56991414,-15.86620914,62.5
NB MD 04,52,wet,grassland.MD,grazing,herded,0,shortdist,13.56991414,-15.86620914,75
NB MD 04,52,dry,swamp.MK,grazing,freerange,1,shortdist,13.56991414,-15.86620914,75
NB MD 04,52,wet,pond.MD,water.source,herded,1,shortdist,13.56991414,-15.86620914,75
NB MD 04,52,dry,swamp.MK,water.source,freerange,1,shortdist,13.56991414,-15.86620914,75
NB MD 05,72,wet,grassland.MD,grazing,herded,0,No,13.56991414,-15.86620914,50
NB MD 05,72,dry,swamp.MD,grazing,herded,1,No,13.56991414,-15.86620914,50
NB MD 05,72,wet,pond.MD,water.source,herded,1,No,13.56991414,-15.86620914,50
NB MD 05,72,dry,swamp.MD,water.source,herded,1,No,13.56991414,-15.86620914,50
NB MK 01,93,wet,grassland.MK,grazing,herded,0,No,13.5294312,-15.9266412,50
NB MK 01,93,dry,swamp.MK,grazing,freerange,1,No,13.5294312,-15.9266412,50
NB MK 01,93,wet,pond.MK,water.source,herded,1,No,13.5294312,-15.9266412,50
NB MK 01,93,dry,swamp.MK,water.source,freerange,1,No,13.5294312,-15.9266412,50
NB MK 02,53,wet,grassland.MK,grazing,herded,0,shortdist,13.5294312,-15.9266412,75
NB MK 02,53,dry,swamp.SBK,grazing,freerange,1,shortdist,13.581331,-15.890584,75
NB MK 02,53,wet,pond.MK,water.source,herded,1,shortdist,13.5294312,-15.9266412,75
NB MK 02,53,dry,swamp.SBK,water.source,freerange,1,shortdist,13.581331,-15.890584,75
NB MK 03,82,wet,grassland.UP,grazing,herded,0,shortdist,13.53675628,-15.62849308,62.5
NB MK 03,82,dry,swamp.MK,grazing,freerange,1,shortdist,13.5294312,-15.9266412,62.5
NB MK 03,82,wet,pond.UP,water.source,herded,1,shortdist,13.53675628,-15.62849308,62.5
NB MK 03,82,dry,swamp.MK,water.source,freerange,1,shortdist,13.5294312,-15.9266412,62.5
NB MK 04,67,wet,swamp.MK,grazing,herded,1,,13.5294312,-15.9266412,62.5
NB MK 04,67,dry,swamp.SBK,grazing,herded,1,,13.581331,-15.890584,62.5
NB MK 04,67,wet,swamp.MK,water.source,herded,1,,13.5294312,-15.9266412,62.5
NB MK 04,67,dry,swamp.SBK,water.source,herded,1,,13.581331,-15.890584,62.5
NB MM 01,23,wet,grassland.MM,grazing,herded,0,No,13.58740553,-15.48288947,75
NB MM 01,23,dry,grassland.MM,grazing,freerange,0,No,13.58740553,-15.48288947,75
NB MM 01,23,wet,pond.MM,water.source,herded,1,No,13.58740553,-15.48288947,75
NB MM 01,23,dry,well.MM,water.source,freerange,0,No,13.58740553,-15.48288947,75
NB MM 02,32,wet,grassland.MM,grazing,herded,0,No,13.58740553,-15.48288947,22.2
NB MM 02,32,dry,swamp.KJ,grazing,freerange,0,No,13.47621,-15.334933,22.2
NB MM 02,32,wet,pond.MM,water.source,herded,1,No,13.58740553,-15.48288947,22.2
NB MM 02,32,dry,swamp.KJ,water.source,freerange,0,No,13.47621,-15.334933,22.2
NB MM 03,26,wet,grassland.MM,grazing,herded,0,No,13.58740553,-15.48288947,50
NB MM 03,26,dry,grassland.MM,grazing,freerange,0,No,13.58740553,-15.48288947,50
NB MM 03,26,wet,pond.MM,water.source,herded,1,No,13.58740553,-15.48288947,50
NB MM 03,26,dry,well.MM,water.source,freerange,0,No,13.58740553,-15.48288947,50
NB MO 01,43,wet,grassland.MO,grazing,herded,3,shortdist,13.596197,-15.442886,50
NB MO 01,43,dry,swamp.SaR,grazing,herded,2,shortdist,13.497559,-15.392748,50
NB MO 01,43,wet,pond.MO,water.source,herded,3,shortdist,13.596197,-15.442886,50
NB MO 01,43,dry,swamp.SaR,water.source,herded,2,shortdist,13.497559,-15.392748,50
NB MO 02,55,wet,grassland.MO,grazing,herded,0,shortdist,13.596197,-15.442886,55.6
NB MO 02,55,dry,swamp.KJ,grazing,freerange,1,shortdist,13.47621,-15.334933,55.6
NB MO 02,55,wet,pond.MO,water.source,herded,2,shortdist,13.596197,-15.442886,55.6
NB MO 02,55,dry,swamp.KJ,water.source,freerange,1,shortdist,13.47621,-15.334933,55.6
NB MO 03,41,wet,grassland.MO,grazing,herded,0,shortdist,13.596197,-15.442886,50
NB MO 03,41,dry,swamp.KJ,grazing,freerange,1,shortdist,13.47621,-15.334933,50
NB MO 03,41,wet,pond.MO,water.source,herded,2,shortdist,13.596197,-15.442886,50
NB MO 03,41,dry,swamp.KJ,water.source,freerange,1,shortdist,13.47621,-15.334933,50
NB PF 01,48,wet,grassland.PF,grazing,herded,0,shortdist,13.5784861,-15.4227918,66.7
NB PF 01,48,dry,swamp.KJ,grazing,freerange,1,shortdist,13.47621,-15.334933,66.7
NB PF 01,48,wet,pond.PF,water.source,herded,1,shortdist,13.5784861,-15.4227918,66.7
NB PF 01,48,dry,swamp.KJ,water.source,freerange,1,shortdist,13.47621,-15.334933,66.7
NB PF 02,36,wet,grassland.PF,grazing,herded,0,shortdist,13.5784861,-15.4227918,60
NB PF 02,36,dry,swamp.KJ,grazing,freerange,1,shortdist,13.47621,-15.334933,60
NB PF 02,36,wet,pond.PF,water.source,herded,1,shortdist,13.5784861,-15.4227918,60
NB PF 02,36,dry,swamp.KJ,water.source,freerange,1,shortdist,13.47621,-15.334933,60
NB PF 03,27,wet,grassland.PF,grazing,herded,0,shortdist,13.5784861,-15.4227918,66.7
NB PF 03,27,dry,swamp.KJ,grazing,freerange,1,shortdist,13.47621,-15.334933,66.7
NB PF 03,27,wet,pond.PF,water.source,herded,1,shortdist,13.5784861,-15.4227918,66.7
NB PF 03,27,dry,swamp.KJ,water.source,freerange,1,shortdist,13.47621,-15.334933,66.7
NB ST 01,46,wet,grassland.ShT,grazing,herded,0,No,13.564191,-15.979122,75
NB ST 01,46,dry,grassland.ShT,grazing,freerange,0,No,13.564191,-15.979122,75
NB ST 01,46,wet,pond.ShT,water.source,herded,2,No,13.564191,-15.979122,75
NB ST 01,46,dry,swamp.ShT,water.source,freerange,2,No,13.564191,-15.979122,75
NB ST 02,33,wet,grassland.ShT,grazing,herded,0,No,13.564191,-15.979122,50
NB ST 02,33,dry,grassland.ShT,grazing,freerange,0,No,13.564191,-15.979122,50
NB ST 02,33,wet,pond.ShT,water.source,herded,2,No,13.564191,-15.979122,50
NB ST 02,33,dry,swamp.ShT,water.source,freerange,2,No,13.564191,-15.979122,50
NB ST 03,28,wet,grassland.MG,grazing,herded,0,shortdist,13.52876405,-16.17802235,37.5
NB ST 03,28,dry,grassland.ShT,grazing,herded,0,shortdist,13.564191,-15.979122,37.5
NB ST 03,28,wet,pond.MG,water.source,herded,1,shortdist,13.52876405,-16.17802235,37.5
NB ST 03,28,dry,swamp.ShT,water.source,herded,1,shortdist,13.564191,-15.979122,37.5
NB TM 01,57,wet,grassland.TM,grazing,herded,0,No,13.5058867,-16.1734157,44.4
NB TM 01,57,dry,grassland.TM,grazing,freerange,0,No,13.5058867,-16.1734157,44.4
NB TM 01,57,wet,pond.TM,water.source,herded,2,No,13.5058867,-16.1734157,44.4
NB TM 01,57,dry,swamp.TM,water.source,freerange,2,No,13.5058867,-16.1734157,44.4
NB TM 02,68,wet,grassland.MG,grazing,herded,0,shortdist,13.52876405,-16.17802235,37.5
NB TM 02,68,dry,swamp.TM,grazing,herded,2,shortdist,13.5058867,-16.1734157,37.5
NB TM 02,68,wet,pond.MG,water.source,herded,2,shortdist,13.52876405,-16.17802235,37.5
NB TM 02,68,dry,swamp.TM,water.source,herded,2,shortdist,13.5058867,-16.1734157,37.5
NB TM 03,63,wet,grassland.TM,grazing,herded,0,No,13.5058867,-16.1734157,37.5
NB TM 03,63,dry,swamp.TM,grazing,herded,2,No,13.5058867,-16.1734157,37.5
NB TM 03,63,wet,pond.TM,water.source,herded,2,No,13.5058867,-16.1734157,37.5
NB TM 03,63,dry,swamp.TM,water.source,herded,2,No,13.5058867,-16.1734157,37.5
NB WN 02,63,wet,grassland.WN,grazing,herded,0,No,13.5770088,-16.2798088,50
NB WN 02,63,dry,grassland.WN,grazing,herded,0,No,13.5770088,-16.2798088,50
NB WN 02,63,wet,pond.WN,water.source,herded,2,No,13.5770088,-16.2798088,50
NB WN 02,63,dry,well.WN,water.source,herded,2,No,13.5770088,-16.2798088,50
NB WN 03,65,wet,grassland.WN,grazing,herded,0,No,13.5770088,-16.2798088,33.3
NB WN 03,65,dry,grassland.WN,grazing,freerange,0,No,13.5770088,-16.2798088,33.3
NB WN 03,65,wet,pond.WN,water.source,herded,2,No,13.5770088,-16.2798088,33.3
NB WN 03,65,dry,well.WN,water.source,freerange,2,No,13.5770088,-16.2798088,33.3
NB WN 04,47,wet,grassland.WN,grazing,herded,0,No,13.5770088,-16.2798088,62.5
NB WN 04,47,dry,grassland.WN,grazing,herded,0,No,13.5770088,-16.2798088,62.5
NB WN 04,47,wet,pond.WN,water.source,herded,2,No,13.5770088,-16.2798088,62.5
NB WN 04,47,dry,well.WN,water.source,herded,2,No,13.5770088,-16.2798088,62.5
Trans.herd1,25,wet,grassland.SaP,grazing,herded,0,shortdist,13.549332,-14.4855499,37.5
Trans.herd1,25,dry,swamp.SuK,grazing,herded,2,shortdist,13.6171801,-14.9239875,37.5
Trans.herd1,25,wet,pond.SaP,water.source,herded,2,shortdist,13.549332,-14.4855499,37.5
Trans.herd1,25,dry,swamp.SuK,water.source,herded,2,shortdist,13.6171801,-14.9239875,37.5
Trans.herd2,76,wet,grassland.SaP,grazing,herded,0,shortdist,13.549332,-14.4855499,12.5
Trans.herd2,76,dry,swamp.SuK,grazing,herded,2,shortdist,13.6171801,-14.9239875,12.5
Trans.herd2,76,wet,pond.SaP,water.source,herded,2,shortdist,13.549332,-14.4855499,12.5
Trans.herd2,76,dry,swamp.SuK,water.source,herded,2,shortdist,13.6171801,-14.9239875,12.5
UR BK 01,72,wet,grassland.BK,grazing,herded,0,No,13.4714953,-14.0505228,25
UR BK 01,72,dry,grassland.BK,grazing,herded,0,No,13.4714953,-14.0505228,25
UR BK 01,72,wet,pond.BK,water.source,herded,1,No,13.4714953,-14.0505228,25
UR BK 01,72,dry,swamp.BK,water.source,herded,2,No,13.4714953,-14.0505228,25
UR BK 02,35,wet,grassland.BK,grazing,herded,0,No,13.4714953,-14.0505228,37.5
UR BK 02,35,dry,grassland.BK,grazing,herded,0,No,13.4714953,-14.0505228,37.5
UR BK 02,35,wet,pond.BK,water.source,herded,1,No,13.4714953,-14.0505228,37.5
UR BK 02,35,dry,swamp.BK,water.source,herded,2,No,13.4714953,-14.0505228,37.5
UR BK 03,89,wet,grassland.BK,grazing,herded,0,shortdist,13.4714953,-14.0505228,25
UR BK 03,89,dry,grassland.SG,grazing,herded,0,shortdist,13.482769,-14.070004,25
UR BK 03,89,wet,pond.BK,water.source,herded,1,shortdist,13.4714953,-14.0505228,25
UR BK 03,89,dry,well.SG,water.source,herded,0,shortdist,13.482769,-14.070004,25
UR BK 04,47,wet,grassland.BK,grazing,herded,0,No,13.4714953,-14.0505228,25
UR BK 04,47,dry,grassland.BK,grazing,herded,0,No,13.4714953,-14.0505228,25
UR BK 04,47,wet,pond.BK,water.source,herded,1,No,13.4714953,-14.0505228,25
UR BK 04,47,dry,swamp.BK,water.source,herded,2,No,13.4714953,-14.0505228,25
UR BO 01,32,wet,grassland.BO,grazing,herded,0,No,13.5555265,-13.9507072,25
UR BO 01,32,dry,grassland.BO,grazing,freerange,0,No,13.5555265,-13.9507072,25
UR BO 01,32,wet,pond.BO,water.source,herded,2,No,13.5555265,-13.9507072,25
UR BO 01,32,dry,well.BO,water.source,freerange,0,No,13.5555265,-13.9507072,25
UR BO 02,23,wet,grassland.BO,grazing,herded,0,shortdist,13.5555265,-13.9507072,25
UR BO 02,23,dry,swamp.BF,grazing,freerange,2,shortdist,13.505252,-13.93544,25
UR BO 02,23,wet,well.BO,water.source,herded,0,shortdist,13.5555265,-13.9507072,25
UR BO 02,23,dry,swamp.BF,water.source,freerange,2,shortdist,13.505252,-13.93544,25
UR BO 03,35,wet,grassland.BO,grazing,herded,0,shortdist,13.5555265,-13.9507072,0
UR BO 03,35,dry,swamp.KO,grazing,freerange,2,shortdist,13.476259,-13.870724,0
UR BO 03,35,wet,pond.BO,water.source,herded,2,shortdist,13.5555265,-13.9507072,0
UR BO 03,35,dry,swamp.KO,water.source,freerange,2,shortdist,13.476259,-13.870724,0
UR BO 04,33,wet,grassland.BO,grazing,herded,0,transboundary,13.5555265,-13.9507072,12.5
UR BO 04,33,dry,swamp.KO,grazing,herded,0,transboundary,13.476259,-13.870724,12.5
UR BO 04,33,wet,pond.BO,water.source,herded,2,transboundary,13.5555265,-13.9507072,12.5
UR BO 04,33,dry,swamp.KO,water.source,herded,2,transboundary,13.476259,-13.870724,12.5
UR BS 01,35,wet,grassland.BS,grazing,herded,0,No,13.4142616,-14.0252306,50
UR BS 01,35,dry,grassland.BS,grazing,herded,0,No,13.4142616,-14.0252306,50
UR BS 01,35,wet,pond.BS,water.source,herded,2,No,13.4142616,-14.0252306,50
UR BS 01,35,dry,swamp.BS,water.source,herded,1,No,13.4142616,-14.0252306,50
UR BS 02,32,wet,grassland.BS,grazing,herded,0,No,13.4142616,-14.0252306,37.5
UR BS 02,32,dry,grassland.BS,grazing,freerange,0,No,13.4142616,-14.0252306,37.5
UR BS 02,32,wet,pond.BS,water.source,herded,2,No,13.4142616,-14.0252306,37.5
UR BS 02,32,dry,swamp.BS,water.source,freerange,1.5,No,13.4142616,-14.0252306,37.5
UR BS 03,36,wet,grassland.BS,grazing,herded,0,shortdist,13.4142616,-14.0252306,12.5
UR BS 03,36,dry,grassland.YY,grazing,freerange,0,shortdist,13.532859,-13.926019,12.5
UR BS 03,36,wet,pond.BS,water.source,herded,2,shortdist,13.4142616,-14.0252306,12.5
UR BS 03,36,dry,well.YY,water.source,freerange,0,shortdist,13.532859,-13.926019,12.5
UR BS 04,58,wet,grassland.BS,grazing,herded,0,No,13.4142616,-14.0252306,62.5
UR BS 04,58,dry,grassland.BS,grazing,freerange,0,No,13.4142616,-14.0252306,62.5
UR BS 04,58,wet,pond.BS,water.source,herded,1,No,13.4142616,-14.0252306,62.5
UR BS 04,58,dry,swamp.BS,water.source,freerange,2,No,13.4142616,-14.0252306,62.5
UR CL 01,24,wet,swamp.CL,grazing,herded,1,No,13.3474095,-14.3277875,37.5
UR CL 01,24,dry,swamp.CL,grazing,herded,1,No,13.3474095,-14.3277875,37.5
UR CL 01,24,wet,swamp.CL,water.source,herded,1,No,13.3474095,-14.3277875,37.5
UR CL 01,24,dry,swamp.CL,water.source,herded,1,No,13.3474095,-14.3277875,37.5
UR CL 02,14,wet,swamp.CL,grazing,herded,1.5,No,13.3474095,-14.3277875,12.5
UR CL 02,14,dry,swamp.CL,grazing,herded,1.5,No,13.3474095,-14.3277875,12.5
UR CL 02,14,wet,swamp.CL,water.source,herded,1,No,13.3474095,-14.3277875,12.5
UR CL 02,14,dry,swamp.CL,water.source,herded,1,No,13.3474095,-14.3277875,12.5
UR CL 03,47,wet,grassland.CL,grazing,herded,0,No,13.3474095,-14.3277875,37.5
UR CL 03,47,dry,swamp.CL,grazing,herded,1,No,13.3474095,-14.3277875,37.5
UR CL 03,47,wet,pond.CL,water.source,herded,1,No,13.3474095,-14.3277875,37.5
UR CL 03,47,dry,swamp.CL,water.source,herded,1,No,13.3474095,-14.3277875,37.5
UR CL 04,13,wet,swamp.CL,grazing,herded,1,No,13.3474095,-14.3277875,50
UR CL 04,13,dry,swamp.CL,grazing,herded,1,No,13.3474095,-14.3277875,50
UR CL 04,13,wet,swamp.CL,water.source,herded,1,No,13.3474095,-14.3277875,50
UR CL 04,13,dry,swamp.CL,water.source,herded,1,No,13.3474095,-14.3277875,50
UR HK 01,37,wet,grassland.HK,grazing,herded,0,No,13.281271,-14.3678846,37.5
UR HK 01,37,dry,swamp.SK,grazing,herded,2,No,13.667929,-14.976212,37.5
UR HK 01,37,wet,pond.HK,water.source,herded,1,No,13.281271,-14.3678846,37.5
UR HK 01,37,dry,swamp.SK,water.source,herded,2,No,13.667929,-14.976212,37.5
UR HK 02,9,wet,grassland.HK,grazing,herded,0,No,13.281271,-14.3678846,0
UR HK 02,9,dry,swamp.SK,grazing,freerange,2,No,13.667929,-14.976212,0
UR HK 02,9,wet,pond.HK,water.source,herded,1,No,13.281271,-14.3678846,0
UR HK 02,9,dry,swamp.SK,water.source,freerange,2,No,13.667929,-14.976212,0
UR HK 03,54,wet,grassland.HK,grazing,herded,0,No,13.281271,-14.3678846,25
UR HK 03,54,dry,swamp.SS,grazing,herded,2,No,13.517634,-14.764014,25
UR HK 03,54,wet,pond.HK,water.source,herded,1,No,13.281271,-14.3678846,25
UR HK 03,54,dry,swamp.SoS,water.source,herded,2,No,13.517634,-14.764014,25
UR KK 01,104,wet,grassland.KK,grazing,herded,0,longdist,13.5275199,-13.9899832,44.4
UR KK 01,104,dry,swamp.ST,grazing,herded,2,longdist,13.561145,-14.571825,44.4
UR KK 01,104,wet,well.KK,water.source,herded,0,longdist,13.5275199,-13.9899832,44.4
UR KK 01,104,dry,swamp.ST,water.source,herded,2,longdist,13.561145,-14.571825,44.4
UR KK 02,32,wet,grassland.KK,grazing,herded,0,No,13.5275199,-13.9899832,11.1
UR KK 02,32,dry,grassland.KK,grazing,herded,0,No,13.5275199,-13.9899832,11.1
UR KK 02,32,wet,pond.KK,water.source,herded,1,No,13.5275199,-13.9899832,11.1
UR KK 02,32,dry,well.KK,water.source,herded,0,No,13.5275199,-13.9899832,11.1
UR KK 03,43,wet,grassland.KK,grazing,herded,0,No,13.5275199,-13.9899832,50
UR KK 03,43,dry,grassland.KK,grazing,freerange,0,No,13.5275199,-13.9899832,50
UR KK 03,43,wet,pond.KK,water.source,herded,2,No,13.5275199,-13.9899832,50
UR KK 03,43,dry,well.KK,water.source,freerange,0,No,13.5275199,-13.9899832,50
UR KK 04,57,wet,grassland.KK,grazing,herded,0,No,13.5275199,-13.9899832,25
UR KK 04,57,dry,grassland.KK,grazing,herded,0,No,13.5275199,-13.9899832,25
UR KK 04,57,wet,pond.KK,water.source,herded,2,No,13.5275199,-13.9899832,25
UR KK 04,57,dry,well.KK,water.source,herded,0,No,13.5275199,-13.9899832,25
UR PT 01,11,wet,grassland.PT,grazing,herded,0,No,13.36150417,-14.30152605,100
UR PT 01,11,dry,swamp.PT,grazing,freerange,3,No,13.36150417,-14.30152605,100
UR PT 01,11,wet,pond.PT,water.source,herded,1,No,13.36150417,-14.30152605,100
UR PT 01,11,dry,swamp.PT,water.source,freerange,3,No,13.36150417,-14.30152605,100
UR PT 02,38,wet,grassland.PT,grazing,herded,0,No,13.36150417,-14.30152605,37.5
UR PT 02,38,dry,swamp.PT,grazing,herded,3,No,13.36150417,-14.30152605,37.5
UR PT 02,38,wet,pond.PT,water.source,herded,1,No,13.36150417,-14.30152605,37.5
UR PT 02,38,dry,swamp.PT,water.source,herded,3,No,13.36150417,-14.30152605,37.5
UR PT 03,9,wet,grassland.PT,grazing,herded,0,No,13.36150417,-14.30152605,37.5
UR PT 03,9,dry,swamp.PT,grazing,freerange,3,No,13.36150417,-14.30152605,37.5
UR PT 03,9,wet,pond.PT,water.source,herded,1.5,No,13.36150417,-14.30152605,37.5
UR PT 03,9,dry,swamp.PT,water.source,freerange,3,No,13.36150417,-14.30152605,37.5
UR PT 04,19,wet,grassland.PT,grazing,herded,0,No,13.36150417,-14.30152605,75
UR PT 04,19,dry,swamp.PT,grazing,herded,3,No,13.36150417,-14.30152605,75
UR PT 04,19,wet,pond.PT,water.source,herded,2,No,13.36150417,-14.30152605,75
UR PT 04,19,dry,swamp.PT,water.source,herded,3,No,13.36150417,-14.30152605,75
UR SaL 01,42,wet,grassland.SaL,grazing,herded,1,shortdist,13.2518264,-14.3578642,0
UR SaL 01,42,dry,swamp.SK,grazing,freerange,1,shortdist,13.667929,-14.976212,0
UR SaL 01,42,wet,pond.SaL,water.source,herded,1,shortdist,13.2518264,-14.3578642,0
UR SaL 01,42,dry,swamp.SK,water.source,freerange,1,shortdist,13.667929,-14.976212,0
UR SaL 02,37,wet,grassland.SaL,grazing,herded,0,shortdist,13.2518264,-14.3578642,12.5
UR SaL 02,37,dry,swamp.SK,grazing,herded,1,shortdist,13.667929,-14.976212,12.5
UR SaL 02,37,wet,pond.SaL,water.source,herded,1,shortdist,13.2518264,-14.3578642,12.5
UR SaL 02,37,dry,swamp.SK,water.source,herded,1,shortdist,13.667929,-14.976212,12.5
UR SaL 03,104,wet,grassland.SaL,grazing,herded,0,shortdist,13.2518264,-14.357865,0
UR SaL 03,104,dry,swamp.SS,grazing,herded,1,shortdist,13.517634,-14.764014,0
UR SaL 03,104,wet,pond.SaL,water.source,herded,1,shortdist,13.2518264,-14.357865,0
UR SaL 03,104,dry,swamp.SS,water.source,herded,1,shortdist,13.517634,-14.764014,0
UR SaL 04,26,wet,grassland.SaL,grazing,herded,1,No,13.2518264,-14.3578654,0
UR SaL 04,26,dry,grassland.SaL,grazing,freerange,1,No,13.2518264,-14.3578654,0
UR SaL 04,26,wet,pond.SaL,water.source,herded,1,No,13.2518264,-14.3578654,0
UR SaL 04,26,dry,well.SaL,water.source,freerange,1,No,13.2518264,-14.3578654,0
UR SD 01,38,wet,grassland.SD,grazing,herded,0,No,13.4396365,-14.3150163,62.5
UR SD 01,38,dry,grassland.SD,grazing,freerange,2,No,13.4396365,-14.3150163,62.5
UR SD 01,38,wet,pond.SD,water.source,herded,2,No,13.4396365,-14.3150163,62.5
UR SD 01,38,dry,well.SD,water.source,freerange,2,No,13.4396365,-14.3150163,62.5
UR SD 02&05 ,18,wet,grassland.SD,grazing,herded,0,No,13.4396365,-14.3150163,37.5
UR SD 02&05 ,18,dry,grassland.SD,grazing,freerange,2,No,13.4396365,-14.3150163,37.5
UR SD 02&05 ,18,wet,pond.SD,water.source,herded,2,No,13.4396365,-14.3150163,37.5
UR SD 02&05 ,18,dry,well.SD,water.source,freerange,2,No,13.4396365,-14.3150163,37.5
UR SD 03,27,wet,grassland.SD,grazing,herded,0,No,13.4396365,-14.3150163,25
UR SD 03,27,dry,grassland.SD,grazing,freerange,2,No,13.4396365,-14.3150163,25
UR SD 03,27,wet,pond.SD,water.source,herded,1,No,13.4396365,-14.3150163,25
UR SD 03,27,dry,well.SD,water.source,freerange,2,No,13.4396365,-14.3150163,25
UR SD 04,47,wet,grassland.SD,grazing,herded,0,No,13.4396365,-14.3150163,25
UR SD 04,47,dry,grassland.SD,grazing,herded,1.5,No,13.4396365,-14.3150163,25
UR SD 04,47,wet,pond.SD,water.source,herded,1,No,13.4396365,-14.3150163,25
UR SD 04,47,dry,well.SD,water.source,herded,2,No,13.4396365,-14.3150163,25
UR SiM 01,19,wet,grassland.SiM,grazing,herded,0,No,13.468489,-14.44474,12.5
UR SiM 01,19,dry,grassland.SiM,grazing,herded,0,No,13.468489,-14.44474,12.5
UR SiM 01,19,wet,pond.SiM,water.source,herded,1,No,13.468489,-14.44474,12.5
UR SiM 01,19,dry,well.SiM,water.source,herded,0,No,13.468489,-14.44474,12.5
UR SiM 02,11,wet,grassland.SiM,grazing,herded,0,No,13.468489,-14.44474,50
UR SiM 02,11,dry,grassland.SiM,grazing,freerange,0,No,13.468489,-14.44474,50
UR SiM 02,11,wet,pond.SiM,water.source,herded,1,No,13.468489,-14.44474,50
UR SiM 02,11,dry,well.SiM,water.source,freerange,0,No,13.468489,-14.44474,50
UR SiM 03,24,wet,grassland.SiM,grazing,herded,0,No,13.468489,-14.44474,37.5
UR SiM 03,24,dry,grassland.SiM,grazing,freerange,0,No,13.468489,-14.44474,37.5
UR SiM 03,24,wet,pond.SiM,water.source,herded,1,No,13.468489,-14.44474,37.5
UR SiM 03,24,dry,well.SiM,water.source,freerange,0,No,13.468489,-14.44474,37.5
UR SS 01,30,wet,grassland.SoS,grazing,herded,0,No,13.3072016,-14.3241263,25
UR SS 01,30,dry,swamp.SoS,grazing,herded,3,No,13.3072016,-14.3241263,25
UR SS 01,30,wet,pond.SoS,water.source,herded,1,No,13.3072016,-14.3241263,25
UR SS 01,30,dry,swamp.SoS,water.source,herded,3,No,13.3072016,-14.3241263,25
UR SS 02,41,wet,grassland.SoS,grazing,herded,0,No,13.3072016,-14.3241263,50
UR SS 02,41,dry,swamp.SoS,grazing,herded,3,No,13.3072016,-14.3241263,50
UR SS 02,41,wet,pond.SoS,water.source,herded,1,No,13.3072016,-14.3241263,50
UR SS 02,41,dry,swamp.SoS,water.source,herded,3,No,13.3072016,-14.3241263,50
UR SS 03,23,wet,grassland.SoS,grazing,herded,0,No,13.3072016,-14.3241263,25
UR SS 03,23,dry,swamp.SoS,grazing,freerange,3,No,13.3072016,-14.3241263,25
UR SS 03,23,wet,pond.SoS,water.source,herded,1,No,13.3072016,-14.3241263,25
UR SS 03,23,dry,swamp.SoS,water.source,freerange,3,No,13.3072016,-14.3241263,25
UR SS 04,32,wet,grassland.SoS,grazing,herded,0,No,13.3072016,-14.3241263,50
UR SS 04,32,dry,swamp.SoS,grazing,herded,3,No,13.3072016,-14.3241263,50
UR SS 04,32,wet,pond.SoS,water.source,herded,1,No,13.3072016,-14.3241263,50
UR SS 04,32,dry,swamp.SoS,water.source,herded,3,No,13.3072016,-14.3241263,50
WC BJ 01,56,wet,grassland.BJ,grazing,herded,0,No,13.20078,-16.122072,39
WC BJ 01,56,dry,grassland.BJ,grazing,freerange,1,No,13.20078,-16.122072,39
WC BJ 01,56,wet,grassland.BJ,grazing,herded,0,No,13.20078,-16.122072,39
WC BJ 01,56,dry,grassland.BJ,grazing,freerange,1,No,13.20078,-16.122072,39
"WC BJ 02S,G&03C",25,wet,grassland.BJ,grazing,herded,0,No,13.20078,-16.122072,10
"WC BJ 02S,G&03C",25,dry,grassland.BJ,grazing,freerange,0,No,13.20078,-16.122072,10
"WC BJ 02S,G&03C",25,wet,pond.BJ,water.source,herded,1,No,13.20078,-16.122072,10
"WC BJ 02S,G&03C",25,dry,well.BJ,water.source,freerange,0,No,13.20078,-16.122072,10
WC BJ 03,56,wet,grassland.BJ,grazing,herded,0,No,13.20078,-16.122072,30
WC BJ 03,56,dry,grassland.BJ,grazing,freerange,1,No,13.20078,-16.122072,30
WC BJ 03,56,wet,pond.BJ,water.source,herded,1,No,13.20078,-16.122072,30
WC BJ 03,56,dry,well.BJ,water.source,freerange,0,No,13.20078,-16.122072,30
WC BT 01,28,wet,grassland.BT,grazing,herded,0,No,13.2493432,-16.2131636,13.3
WC BT 01,28,dry,grassland.BT,grazing,freerange,0,No,13.2493432,-16.2131636,13.3
WC BT 01,28,wet,pond.BT,water.source,herded,2,No,13.2493432,-16.2131636,13.3
WC BT 01,28,dry,well.BT,water.source,freerange,0,No,13.2493432,-16.2131636,13.3
WC BT 02,65,wet,grassland.BT,grazing,herded,0,No,13.2493432,-16.2131636,37.5
WC BT 02,65,dry,grassland.BT,grazing,herded,0,No,13.2493432,-16.2131636,37.5
WC BT 02,65,wet,pond.BT,water.source,herded,2,No,13.2493432,-16.2131636,37.5
WC BT 02,65,dry,well.BT,water.source,herded,0,No,13.2493432,-16.2131636,37.5
WC BT 03,65,wet,grassland.BT,grazing,herded,0,No,13.2493432,-16.2131636,20
WC BT 03,65,dry,grassland.BT,grazing,herded,0,No,13.2493432,-16.2131636,20
WC BT 03,65,wet,grassland.BT,grazing,herded,0,No,13.2493432,-16.2131636,20
WC BT 03,65,dry,grassland.BT,grazing,herded,0,No,13.2493432,-16.2131636,20
WC GU 01&07S&06G,35,wet,grassland.GU,grazing,herded,0,No,13.179402,-16.759155,0
WC GU 01&07S&06G,35,dry,grassland.GU,grazing,freerange,0,No,13.179402,-16.759155,0
WC GU 01&07S&06G,35,wet,pond.GU,water.source,herded,2,No,13.179402,-16.759155,0
WC GU 01&07S&06G,35,dry,well.GU,water.source,freerange,0,No,13.179402,-16.759155,0
WC GU 02&08S&04G,74,wet,grassland.GU,grazing,herded,2,No,13.179402,-16.759155,0
WC GU 02&08S&04G,74,dry,grassland.GU,grazing,herded,2,No,13.179402,-16.759155,0
WC GU 02&08S&04G,74,wet,pond.GU,water.source,herded,2,No,13.179402,-16.759155,0
WC GU 02&08S&04G,74,dry,well.GU,water.source,herded,0,No,13.179402,-16.759155,0
WC KS 01,25,wet,grassland.KS,grazing,herded,0,No,13.173335,-16.174911,20
WC KS 01,25,dry,grassland.KS,grazing,freerange,0,No,13.173335,-16.174911,20
WC KS 01,25,wet,pond.KS,water.source,herded,1,No,13.173335,-16.174911,20
WC KS 01,25,dry,well.KS,water.source,freerange,0,No,13.173335,-16.174911,20
WC KS 02,27,wet,grassland.KS,grazing,herded,0,No,13.173335,-16.174911,30
WC KS 02,27,dry,grassland.KS,grazing,freerange,0,No,13.173335,-16.174911,30
WC KS 02,27,wet,pond.KS,water.source,herded,1,No,13.173335,-16.174911,30
WC KS 02,27,dry,well.KS,water.source,freerange,0,No,13.173335,-16.174911,30
WC KS 03,22,wet,grassland.KS,grazing,herded,0,No,13.173335,-16.174911,20
WC KS 03,22,dry,grassland.KS,grazing,freerange,0,No,13.173335,-16.174911,20
WC KS 03,22,wet,pond.KS,water.source,herded,1,No,13.173335,-16.174911,20
WC KS 03,22,dry,well.KS,water.source,freerange,0,No,13.173335,-16.174911,20
WC SF 01,28,wet,grassland.SF,grazing,herded,0,No,13.188491,-16.695134,11.1
WC SF 01,28,dry,swamp.SF,grazing,herded,2,No,13.188491,-16.695134,11.1
WC SF 01,28,wet,pond.SF,water.source,herded,2,No,13.188491,-16.695134,11.1
WC SF 01,28,dry,swamp.SF,water.source,herded,2,No,13.188491,-16.695134,11.1
WC SF 02&05G,35,wet,grassland.SF,grazing,herded,0,No,13.188491,-16.695134,25
WC SF 02&05G,35,dry,swamp.SF,grazing,freerange,2,No,13.188491,-16.695134,25
WC SF 02&05G,35,wet,pond.SF,water.source,herded,2,No,13.188491,-16.695134,25
WC SF 02&05G,35,dry,swamp.SF,water.source,freerange,2,No,13.188491,-16.695134,25
WC SF 03&06S,73,wet,grassland.SF,grazing,herded,0,No,13.188491,-16.695134,20
WC SF 03&06S,73,dry,swamp.SF,grazing,herded,2,No,13.188491,-16.695134,20
WC SF 03&06S,73,wet,pond.SF,water.source,herded,2,No,13.188491,-16.695134,20
WC SF 03&06S,73,dry,swamp.SF,water.source,herded,2,No,13.188491,-16.695134,20
WC WA 01,26,wet,grassland.WA,grazing,herded,0,No,13.2132418,-15.8633019,37.5
WC WA 01,26,dry,grassland.WA,grazing,herded,0,No,13.2132418,-15.8633019,37.5
WC WA 01,26,wet,pond.WA,water.source,herded,0.5,No,13.2132418,-15.8633019,37.5
WC WA 01,26,dry,well.WA,water.source,herded,0,No,13.2132418,-15.8633019,37.5
WC WA 02&04G,43,wet,grassland.WA,grazing,herded,0,No,13.2132418,-15.8633019,37.5
WC WA 02&04G,43,dry,grassland.WA,grazing,freerange,0,No,13.2132418,-15.8633019,37.5
WC WA 02&04G,43,wet,pond.WA,water.source,herded,0.5,No,13.2132418,-15.8633019,37.5
WC WA 02&04G,43,dry,well.WA,water.source,freerange,0,No,13.2132418,-15.8633019,37.5
WC WA 03&05S,15,wet,grassland.WA,grazing,herded,0,No,13.2132418,-15.8633019,42.9
WC WA 03&05S,15,dry,grassland.WA,grazing,herded,0,No,13.2132418,-15.8633019,42.9
WC WA 03&05S,15,wet,pond.WA,water.source,herded,0.5,No,13.2132418,-15.8633019,42.9
WC WA 03&05S,15,dry,well.WA,water.source,herded,0,No,13.2132418,-15.8633019,42.9
